14:12,443,1
14:13,443,23
14:14,443,9
14:16,443,8
14:17,443,2
14:32,443,1
14:33,443,27
14:34,443,9
15:02,443,1
16:56,2967,1
16:56,443,6
17:08,1434,1
17:27,12174,1
17:28,12174,1
17:38,443,22
17:39,443,5
17:40,443,2
17:47,443,1
18:36,443,29
18:37,443,8
18:40,443,20
18:41,443,3
18:42,443,4
19:09,443,11
19:10,443,1
19:11,443,2
19:49,443,10
19:50,443,1
19:51,443,3
20:16,2967,1
20:58,443,1
21:38,443,6
22:04,60904,1
00:19,443,25
00:20,443,6
01:32,47569,1
01:54,2967,1
01:54,47569,1
01:59,25,1
04:01,443,1
04:58,443,7
05:06,443,6
05:06,1434,1
07:00,2967,1
09:12,443,1
09:39,443,6
10:04,4899,1
10:19,36315,1
13:42,1434,1
15:52,443,1
15:54,443,13
16:15,443,23
16:43,443,23
16:44,443,4
16:45,443,3
16:53,443,7
17:17,443,7
18:10,443,24
18:11,25,1
18:11,443,2
18:48,25,2
18:48,1434,1
19:52,1521,1
19:59,443,1
21:39,60904,1
21:39,443,6
23:02,443,14
23:10,443,14
23:11,443,1
23:34,443,38
23:34,36315,1
00:35,443,1
04:54,443,7
04:56,21,1
04:56,443,6
05:10,2967,1
05:37,1434,1
09:06,443,1
09:38,60904,1
09:38,443,6
15:49,443,41
15:50,443,1
17:01,443,7
17:06,443,7
19:21,25,1
21:29,443,1
21:39,443,6
22:33,3306,1
00:53,443,1
01:11,443,26
03:02,443,24
03:19,443,14
03:20,443,1
04:53,443,7
05:10,35043,1
05:10,443,6
06:21,35043,1
06:21,1434,1
06:41,1434,1
07:34,22,1
07:34,443,38
08:53,22,1
09:05,443,1
09:39,443,7
